﻿<?xml version="1.0" encoding="UTF-8"?>

<types>
	<rawmaterials.materials esES="Materiales" icon="ui_rmaterials">Materials</rawmaterials.materials>
	<rawmaterials.colors esES="Colores" icon="ui_rcolors">Colors</rawmaterials.colors>
	<prepfood.fruit esES="Fruta">Fruit</prepfood.fruit>
	<prepfood.baked esES="Horneada" icon="ui_rbaking">Baked</prepfood.baked>
	<prepfood.cooked esES="Cocinada" icon="ui_rfoodcooking">Cooked</prepfood.cooked>
	<rawmaterials.hides esES="Pieles" icon="ui_rhides">Hides</rawmaterials.hides>
	<rawmaterials.misc esES="Misc.">Misc.</rawmaterials.misc>
	<utils.misc esES="Misc.">Misc.</utils.misc>
	<utils.materials esES="Materiales" icon="ui_rmaterials">Materials</utils.materials>
	<utils.roads esES="Carreteras" icon="ui_rroads">Roads</utils.roads>
	<rawmaterials.heads esES="Cabezas">Heads</rawmaterials.heads>
	<utils.workshops esES="Mesas de trabajo">Workshops</utils.workshops>
	<weapon.stone esES="Piedra" icon="ui_rweapon_stone">Stone</weapon.stone>
	<weapon.misc esES="Misc." icon="ui_rweapon_other">Misc.</weapon.misc>
	<weapon.iron esES="Hierro" icon="ui_rweapon_iron">Iron</weapon.iron>
	<armor.iron esES="Hierro" icon="ui_rarmor_iron">Iron</armor.iron>
	<weapon.bone esES="Hueso" icon="ui_rweapon_bone">Bone</weapon.bone>
	<armor.bone esES="Hueso" icon="ui_rarmor_bone">Bone</armor.bone>
	<weapon.spiderite esES="Spiderite">Spiderite</weapon.spiderite>
	<armor.spiderite esES="Spiderite" icon="ui_rarmor_spiderite">Spiderite</armor.spiderite>
	<armor.direite esES="Direite" icon="ui_rarmor_direite">Direite</armor.direite>
	<armor.misc esES="Misc.">Misc.</armor.misc>
	<weapon.direite esES="Direite">Direite</weapon.direite>
	<armor.ghoulite esES="Ghoulite" icon="ui_rarmor_ghoulite">Ghoulite</armor.ghoulite>
	<weapon.ghoulite esES="Ghoulite">Ghoulite</weapon.ghoulite>
	<weapon.goblinite esES="Goblinite">Goblinite</weapon.goblinite>
	<armor.goblinite esES="Goblinite" icon="ui_rarmor_goblinite">Goblinite</armor.goblinite>
	<armor.hobgoblinite esES="Hobgoblinite" icon="ui_rarmor_hobgoblinite">Hobgoblinite</armor.hobgoblinite>
	<weapon.hobgoblinite esES="Hobgoblinite">Hobgoblinite</weapon.hobgoblinite>
	<armor.ogreite esES="Ogreite" icon="ui_rarmor_ogreite">Ogreite</armor.ogreite>
	<weapon.ogreite esES="Ogreite">Ogreite</weapon.ogreite>
	<armor.snickerite esES="Snickerite" icon="ui_rarmor_snickerite">Snickerite</armor.snickerite>
	<weapon.snickerite esES="Snickerite">Snickerite</weapon.snickerite>
	<armor.wood esES="Madera" icon="ui_rarmor_wooden">Wood</armor.wood>
	<weapon.wood esES="Madera" icon="ui_rweapon_wooden">Wood</weapon.wood>
	<armor.zombite esES="Zombite"  icon="ui_rarmor_zombite">Zombite</armor.zombite>
	<weapon.zombite esES="Zombite">Zombite</weapon.zombite>
	<armor.vanity esES="Vanidad" icon="ui_rclothes">Vanity</armor.vanity>
	<decorative.indoor esES="Interior" icon="ui_indoor">Indoor</decorative.indoor>
	<decorative.outdoor esES="Exterior" icon="ui_outdoor">Outdoor</decorative.outdoor>
	<weapon.gold esES="Oro" icon="ui_rweapon_golden">Gold</weapon.gold>
	<armor.gold esES="Oro" icon="ui_rarmor_golden">Gold</armor.gold>
	<weapon.silver esES="Plata" icon="ui_rweapon_silver">Silver</weapon.silver>
	<armor.silver esES="Plata" icon="ui_rarmor_silver">Silver</armor.silver>
	<weapon.special esES="Especiales">Special</weapon.special>
	<armor.special esES="Especiales">Special</armor.special>
</types>
